Model,TOPSIS Score,Rank
Mistral,0.3878097791063459,1
Falcon,0.6119855058472237,2
LLaMA-2,0.5,3
Gemini,0.6473215888996375,4
GPT-4,0.38801449415277633,5
